"L2","L3","L4","L5","L6","temp","prov"
34,57,77,104,139,10,"nwt"
34,57,84,111,147,10,"nwt"
29,47,67,94,122,10,"nwt"
29,52,86,113,149,10,"nwt"
39,62,82,109,141,10,"nwt"
39,57,77,104,139,10,"nwt"
29,47,67,87,115,10,"nwt"
34,57,84,102,134,10,"nwt"
34,52,79,106,141,10,"nwt"
34,52,79,106,141,10,"nwt"
34,52,72,99,135,10,"nwt"
34,52,72,99,127,10,"nwt"
29,47,74,101,137,10,"nwt"
34,52,72,99,131,10,"nwt"
39,57,77,104,140,10,"nwt"
34,52,72,94,129,10,"nwt"
16,39,59,86,118,10,"nwt"
34,57,84,111,142,10,"nwt"
29,47,74,88,120,10,"nwt"
39,57,77,104,135,10,"nwt"
34,57,77,104,136,10,"nwt"
34,52,69,96,128,10,"nwt"
39,57,71,98,130,10,"nwt"
29,52,66,84,119,10,"nwt"
34,52,66,84,116,10,"nwt"
34,52,66,84,115,10,"nwt"
39,57,71,89,121,10,"nwt"
34,52,66,88,130,10,"nwt"
39,57,84,98,130,10,"nwt"
29,52,79,97,129,10,"nwt"
29,52,79,93,124,10,"nwt"
34,70,97,115,146,10,"nwt"
29,52,79,101,133,10,"nwt"
37,55,69,87,118,10,"nwt"
34,57,91,113,151,10,"nwt"
34,52,66,80,108,10,"nwt"
29,47,74,96,127,10,"nwt"
25,43,57,75,107,10,"nwt"
34,57,71,93,125,10,"nwt"
25,48,75,97,125,10,"nwt"
34,52,66,84,115,10,"nwt"
34,52,79,97,128,10,"nwt"
21,39,66,80,111,10,"nwt"
25,48,75,97,125,10,"nwt"
25,43,70,88,112,10,"nwt"
34,57,84,102,130,10,"nwt"
34,50,64,82,109,10,"nwt"
34,50,64,82,109,10,"nwt"
19,42,56,74,98,10,"nwt"
25,41,55,69,100,10,"nwt"
34,57,84,98,126,10,"nwt"
34,49,76,94,125,10,"nwt"
19,42,56,74,102,10,"nwt"
22,38,65,79,110,10,"nwt"
22,38,52,70,101,10,"nwt"
22,38,65,83,115,10,"nwt"
25,38,52,70,94,10,"nwt"
19,49,76,94,125,10,"nwt"
19,42,56,74,98,10,"nwt"
19,42,69,83,111,10,"nwt"
19,35,62,84,115,10,"nwt"
19,42,56,74,102,10,"nwt"
21,36,50,64,92,10,"nwt"
16,39,53,71,103,10,"nwt"
22,38,52,70,101,10,"nwt"
21,44,71,89,116,10,"nwt"
18,39,53,67,94,10,"nwt"
19,38,72,90,122,10,"nwt"
22,38,65,79,110,10,"nwt"
22,41,59,73,104,10,"nwt"
22,50,64,82,111,10,"nwt"
18,34,52,70,97,10,"nwt"
22,50,68,86,110,10,"nwt"
19,47,59,73,101,10,"nwt"
10,16,24,32,43,15,"nwt"
10,16,22,29,43,15,"nwt"
11,18,25,31,42,15,"nwt"
11,18,25,33,47,15,"nwt"
10,17,22,29,40,15,"nwt"
13,21,27,34,46,15,"nwt"
9,14,19,26,36,20,"nwt"
7,12,16,21,30,20,"nwt"
6,12,16,21,30,20,"nwt"
6,11,15,20,29,20,"nwt"
7,11,15,19,28,20,"nwt"
9,15,19,25,34,20,"nwt"
6,10,14,18,25,20,"nwt"
6,11,14,18,26,20,"nwt"
8,12,17,22,30,20,"nwt"
8,13,16,20,28,20,"nwt"
7,11,15,19,27,20,"nwt"
8,12,16,22,33,20,"nwt"
8,13,17,22,32,20,"nwt"
8,13,16,21,30,20,"nwt"
7,11,15,22,34,20,"nwt"
7,12,16,20,32,20,"nwt"
7,12,16,20,27,20,"nwt"
7,11,15,19,29,20,"nwt"
6,10,15,19,29,20,"nwt"
9,14,18,25,35,20,"nwt"
7,12,16,22,29,20,"nwt"
8,13,16,21,31,20,"nwt"
11,16,21,26,36,20,"nwt"
7,11,15,19,27,20,"nwt"
6,11,14,19,28,20,"nwt"
8,12,16,21,32,20,"nwt"
7,13,17,22,32,20,"nwt"
6,11,15,19,27,20,"nwt"
7,11,14,18,26,20,"nwt"
10,15,20,26,35,20,"nwt"
7,11,15,19,26,20,"nwt"
8,14,19,25,33,20,"nwt"
7,11,15,19,27,20,"nwt"
9,15,20,25,35,20,"nwt"
7,11,16,22,33,20,"nwt"
11,16,21,25,33,20,"nwt"
6,11,15,19,28,20,"nwt"
7,11,15,20,30,20,"nwt"
7,8,12,18,26,20,"nwt"
7,12,15,19,27,20,"nwt"
9,13,17,23,31,20,"nwt"
6,10,14,19,29,20,"nwt"
7,12,16,21,29,20,"nwt"
7,11,15,19,30,20,"nwt"
8,12,16,21,31,20,"nwt"
7,12,16,21,30,20,"nwt"
7,12,16,21,31,20,"nwt"
7,11,15,20,30,20,"nwt"
7,12,16,20,27,20,"nwt"
7,12,16,22,30,20,"nwt"
5,11,15,22,32,20,"nwt"
7,12,16,20,29,20,"nwt"
7,11,15,21,34,20,"nwt"
8,13,16,21,28,20,"nwt"
8,12,16,20,28,20,"nwt"
8,13,18,22,31,20,"nwt"
7,12,16,20,30,20,"nwt"
8,14,19,25,36,20,"nwt"
8,13,17,22,32,20,"nwt"
7,12,16,26,35,20,"nwt"
7,12,15,20,28,20,"nwt"
7,11,15,20,30,20,"nwt"
7,12,15,20,32,20,"nwt"
6,11,15,20,29,20,"nwt"
8,14,17,21,31,20,"nwt"
8,12,15,20,29,20,"nwt"
7,11,15,20,31,20,"nwt"
8,13,18,22,34,20,"nwt"
9,14,18,23,35,20,"nwt"
7,12,16,20,29,20,"nwt"
10,16,20,27,37,20,"nwt"
7,11,15,19,27,20,"nwt"
6,11,15,19,29,20,"nwt"
7,12,16,21,30,20,"nwt"
6,11,15,20,30,20,"nwt"
7,11,15,19,29,20,"nwt"
6,11,14,18,27,20,"nwt"
9,13,17,23,34,20,"nwt"
6,12,16,21,28,20,"nwt"
8,13,16,21,30,20,"nwt"
8,17,18,22,34,20,"nwt"
8,12,16,21,32,20,"nwt"
7,12,16,22,31,20,"nwt"
7,11,15,19,28,20,"nwt"
6,10,14,18,28,20,"nwt"
8,12,16,20,28,20,"nwt"
7,11,15,20,31,20,"nwt"
7,11,15,19,28,20,"nwt"
7,12,16,21,28,20,"nwt"
7,11,15,19,27,20,"nwt"
8,13,18,22,30,20,"nwt"
7,12,16,21,31,20,"nwt"
7,11,15,19,28,20,"nwt"
7,11,15,19,27,20,"nwt"
7,11,15,20,28,20,"nwt"
9,17,18,21,29,20,"nwt"
7,11,16,20,30,20,"nwt"
8,12,16,20,28,20,"nwt"
7,12,16,21,30,20,"nwt"
7,12,15,19,27,20,"nwt"
9,14,17,22,31,20,"nwt"
7,12,16,20,29,20,"nwt"
7,12,15,20,30,20,"nwt"
8,13,16,21,28,20,"nwt"
7,11,15,19,27,20,"nwt"
6,10,14,17,25,20,"nwt"
7,12,15,19,27,20,"nwt"
6,11,15,20,29,20,"nwt"
7,12,16,20,29,20,"nwt"
7,12,15,19,29,20,"nwt"
7,12,16,21,32,20,"nwt"
6,11,15,18,26,20,"nwt"
7,12,16,20,31,20,"nwt"
6,11,14,18,28,20,"nwt"
8,12,16,22,33,20,"nwt"
7,11,15,20,30,20,"nwt"
9,12,16,21,32,20,"nwt"
7,12,16,21,31,20,"nwt"
6,11,15,19,29,20,"nwt"
6,11,15,19,28,20,"nwt"
11,16,20,25,34,20,"nwt"
7,12,15,19,30,20,"nwt"
9,14,19,23,33,20,"nwt"
7,11,15,19,27,20,"nwt"
10,14,18,22,29,20,"nwt"
6,11,14,18,26,20,"nwt"
8,13,17,18,27,20,"nwt"
9,14,19,25,36,20,"nwt"
4,7,9,16,25,25,"nwt"
4,7,10,13,19,25,"nwt"
5,9,12,15,20,25,"nwt"
4,6,9,12,18,25,"nwt"
4,6,9,12,19,25,"nwt"
5,8,11,15,21,25,"nwt"
4,7,9,12,18,25,"nwt"
5,8,11,14,21,25,"nwt"
5,7,10,12,18,25,"nwt"
4,8,10,13,20,25,"nwt"
4,8,13,16,23,25,"nwt"
4,7,10,13,20,25,"nwt"
5,7,9,12,18,25,"nwt"
4,7,11,14,19,25,"nwt"
5,7,10,13,25,25,"nwt"
4,6,8,10,16,25,"nwt"
4,7,10,13,19,25,"nwt"
4,6,8,11,15,25,"nwt"
5,8,12,16,23,25,"nwt"
4,6,8,11,16,25,"nwt"
4,6,10,13,19,25,"nwt"
4,6,8,11,16,25,"nwt"
4,7,9,12,16,25,"nwt"
4,6,8,12,18,25,"nwt"
4,6,8,11,18,25,"nwt"
4,8,12,15,20,25,"nwt"
4,6,8,11,16,25,"nwt"
5,8,12,15,23,25,"nwt"
5,7,9,12,19,25,"nwt"
5,8,11,14,19,25,"nwt"
4,7,9,13,19,25,"nwt"
4,6,9,12,19,25,"nwt"
5,7,10,13,18,25,"nwt"
4,6,9,12,18,25,"nwt"
5,8,11,15,21,25,"nwt"
4,6,9,12,18,25,"nwt"
4,6,8,11,17,25,"nwt"
5,8,11,14,19,25,"nwt"
4,7,9,13,20,25,"nwt"
4,6,8,11,20,25,"nwt"
4,6,8,11,15,25,"nwt"
4,6,9,12,19,25,"nwt"
4,7,9,12,34,25,"nwt"
4,7,9,13,20,25,"nwt"
4,8,10,14,20,25,"nwt"
4,7,9,13,27,25,"nwt"
4,6,9,12,34,25,"nwt"
4,7,9,12,20,25,"nwt"
4,6,9,11,19,25,"nwt"
4,8,10,14,20,25,"nwt"
5,7,9,13,20,25,"nwt"
5,8,9,12,17,25,"nwt"
5,8,10,13,19,25,"nwt"
5,7,10,13,18,25,"nwt"
4,7,10,13,20,25,"nwt"
4,6,9,13,20,25,"nwt"
4,6,9,12,18,25,"nwt"
4,7,9,12,20,25,"nwt"
4,6,8,11,17,25,"nwt"
4,6,8,11,15,25,"nwt"
4,7,10,14,20,25,"nwt"
4,6,10,14,20,25,"nwt"
5,8,11,14,20,25,"nwt"
5,7,10,13,19,25,"nwt"
4,7,10,13,20,25,"nwt"
4,6,8,11,18,25,"nwt"
4,7,9,12,18,25,"nwt"
4,7,9,12,18,25,"nwt"
5,8,11,15,21,25,"nwt"
4,7,9,12,18,25,"nwt"
5,10,12,15,21,25,"nwt"
5,7,10,13,19,25,"nwt"
4,6,8,11,16,25,"nwt"
5,7,9,13,21,25,"nwt"
4,6,10,13,19,25,"nwt"
5,7,9,13,18,25,"nwt"
5,7,9,12,18,25,"nwt"
4,7,10,13,19,25,"nwt"
5,7,9,12,19,25,"nwt"
4,6,9,12,16,25,"nwt"
4,7,9,13,22,25,"nwt"
5,8,11,15,24,25,"nwt"
4,8,11,15,22,25,"nwt"
5,7,10,13,19,25,"nwt"
4,6,9,12,18,25,"nwt"
15,24,31,39,49,30,"nwt"
13,20,27,33,48,30,"nwt"
13,22,29,35,56,30,"nwt"
13,17,22,36,45,30,"nwt"
7,14,21,25,46,30,"nwt"
11,18,23,37,46,30,"nwt"
11,18,25,31,41,30,"nwt"
7,14,21,23,63,30,"nwt"
11,18,25,33,43,30,"nwt"
11,15,22,24,37,30,"nwt"
11,18,23,37,50,30,"nwt"
13,20,25,29,44,30,"nwt"
11,20,25,29,42,30,"nwt"
13,20,27,35,50,30,"nwt"
11,18,25,39,60,30,"nwt"
12,19,26,32,52,30,"nwt"
9,15,22,24,34,30,"nwt"
10,14,21,25,40,30,"nwt"
10,19,26,40,53,30,"nwt"
9,18,25,31,51,30,"nwt"
9,14,21,25,48,30,"nwt"
12,17,24,28,38,30,"nwt"
9,13,18,22,37,30,"nwt"
9,14,19,27,48,30,"nwt"
7,13,20,24,39,30,"nwt"
9,13,20,26,38,30,"nwt"
9,18,25,31,43,30,"nwt"
10,16,23,27,38,30,"nwt"
9,14,25,33,54,30,"nwt"
7,13,20,28,47,30,"nwt"
10,17,26,32,42,30,"nwt"
10,17,26,28,51,30,"nwt"
12,17,24,30,40,30,"nwt"
10,16,23,31,70,30,"nwt"
10,17,22,26,36,30,"nwt"
9,14,19,23,62,30,"nwt"
9,14,19,21,33,30,"nwt"
9,14,21,35,50,30,"nwt"
9,14,21,27,37,30,"nwt"
15,20,27,29,53,30,"nwt"
9,14,21,25,35,30,"nwt"
10,16,23,27,37,30,"nwt"
9,11,18,22,34,30,"nwt"
12,19,26,34,46,30,"nwt"
9,14,18,24,63,30,"nwt"
9,14,21,25,48,30,"nwt"
10,16,25,33,45,30,"nwt"
9,12,19,22,39,30,"nwt"
9,16,23,27,50,30,"nwt"
9,16,23,29,76,35,"nwt"
9,18,25,36,62,35,"nwt"
13,22,29,33,80,35,"nwt"
69,116,199,287,421,5,"nwt"
79,149,232,338,489,5,"nwt"
69,128,211,317,485,5,"nwt"
79,138,221,309,443,5,"nwt"
79,138,221,309,443,5,"nwt"
34,52,72,99,131,10,"nb"
19,54,81,115,150,10,"nb"
39,63,90,117,153,10,"nb"
39,62,84,111,147,10,"nb"
39,62,89,116,148,10,"nb"
34,57,79,93,224,10,"nb"
39,57,84,111,147,10,"nb"
39,62,88,122,154,10,"nb"
39,62,82,116,152,10,"nb"
79,97,117,144,175,10,"nb"
34,52,74,108,143,10,"nb"
34,62,85,119,151,10,"nb"
39,62,80,115,150,10,"nb"
34,57,77,111,143,10,"nb"
34,42,68,95,127,10,"nb"
34,57,74,101,137,10,"nb"
44,67,85,112,144,10,"nb"
34,57,75,109,141,10,"nb"
39,62,76,103,135,10,"nb"
44,62,80,107,143,10,"nb"
34,52,70,97,133,10,"nb"
39,62,80,104,128,10,"nb"
44,67,85,103,135,10,"nb"
39,62,80,99,133,10,"nb"
39,57,75,93,125,10,"nb"
39,62,80,99,130,10,"nb"
34,52,70,88,120,10,"nb"
19,42,60,101,133,10,"nb"
50,73,91,125,156,10,"nb"
34,57,75,116,154,10,"nb"
22,45,64,98,132,10,"nb"
34,52,70,104,135,10,"nb"
19,42,56,74,106,10,"nb"
19,42,60,78,113,10,"nb"
39,67,85,119,150,10,"nb"
50,73,91,125,156,10,"nb"
39,62,80,99,130,10,"nb"
50,67,81,100,131,10,"nb"
50,67,86,126,155,10,"nb"
39,67,81,99,130,10,"nb"
39,62,76,111,134,10,"nb"
44,77,95,129,160,10,"nb"
19,42,56,74,105,10,"nb"
39,62,80,115,146,10,"nb"
34,68,82,116,140,10,"nb"
34,57,71,94,129,10,"nb"
34,52,66,84,119,10,"nb"
34,57,75,93,124,10,"nb"
19,47,65,83,114,10,"nb"
39,62,76,94,126,10,"nb"
34,57,75,93,121,10,"nb"
34,57,79,97,128,10,"nb"
39,62,76,94,122,10,"nb"
19,42,60,78,110,10,"nb"
34,52,70,88,119,10,"nb"
34,57,75,93,124,10,"nb"
44,72,94,116,147,10,"nb"
16,39,61,79,111,10,"nb"
34,57,71,93,128,10,"nb"
39,67,85,103,131,10,"nb"
34,57,75,93,128,10,"nb"
44,72,94,129,160,10,"nb"
19,42,60,78,113,10,"nb"
34,57,75,97,132,10,"nb"
39,62,75,93,117,10,"nb"
39,57,71,89,121,10,"nb"
19,42,64,86,114,10,"nb"
39,62,80,102,133,10,"nb"
16,34,52,66,94,10,"nb"
19,47,61,75,110,10,"nb"
34,57,75,93,124,10,"nb"
39,62,80,99,126,10,"nb"
39,67,93,125,152,10,"nb"
44,62,84,125,149,10,"nb"
39,67,89,103,234,10,"nb"
39,62,80,102,130,10,"nb"
44,62,80,102,133,10,"nb"
34,57,71,93,128,10,"nb"
39,62,80,99,126,10,"nb"
39,57,79,101,136,10,"nb"
19,42,60,78,116,10,"nb"
16,44,62,84,115,10,"nb"
39,62,76,94,129,10,"nb"
34,57,75,97,125,10,"nb"
34,52,70,84,115,10,"nb"
34,57,79,97,128,10,"nb"
50,77,99,121,149,10,"nb"
39,67,115,137,165,10,"nb"
19,46,68,109,143,10,"nb"
44,67,85,103,134,10,"nb"
34,57,75,97,135,10,"nb"
44,70,88,110,134,10,"nb"
19,42,60,78,113,10,"nb"
32,55,73,95,119,10,"nb"
39,57,71,89,117,10,"nb"
44,67,85,126,150,10,"nb"
34,54,72,94,125,10,"nb"
19,37,51,69,100,10,"nb"
34,57,75,97,131,10,"nb"
34,53,67,85,113,10,"nb"
39,51,69,87,136,10,"nb"
34,53,73,91,118,10,"nb"
34,52,70,88,119,10,"nb"
39,62,76,94,122,10,"nb"
19,38,56,74,102,10,"nb"
34,57,75,93,122,10,"nb"
39,58,76,90,118,10,"nb"
19,38,52,70,101,10,"nb"
44,63,81,122,150,10,"nb"
34,53,71,89,127,10,"nb"
19,38,86,115,139,10,"nb"
39,58,72,90,118,10,"nb"
28,55,73,95,123,10,"nb"
23,41,59,77,105,10,"nb"
22,41,55,73,101,10,"nb"
19,42,59,85,123,10,"nb"
22,45,60,82,113,10,"nb"
22,40,55,73,101,10,"nb"
19,38,52,70,98,10,"nb"
25,43,58,76,104,10,"nb"
22,41,56,74,102,10,"nb"
22,41,55,73,101,10,"nb"
12,20,25,31,44,15,"nb"
13,23,34,42,56,15,"nb"
9,17,22,29,41,15,"nb"
15,22,30,39,56,15,"nb"
12,19,26,33,46,15,"nb"
11,19,26,35,51,15,"nb"
11,18,25,33,44,15,"nb"
11,18,26,28,45,15,"nb"
12,21,30,40,53,15,"nb"
11,20,27,35,47,15,"nb"
13,22,31,39,52,15,"nb"
13,21,28,35,48,15,"nb"
10,17,25,33,45,15,"nb"
12,19,25,33,49,15,"nb"
10,17,24,31,43,15,"nb"
12,19,27,35,49,15,"nb"
11,19,26,33,45,15,"nb"
13,24,31,38,49,15,"nb"
9,17,24,33,49,15,"nb"
10,18,26,34,47,15,"nb"
12,20,27,36,50,15,"nb"
13,20,28,35,47,15,"nb"
8,13,17,21,29,20,"nb"
7,12,16,21,29,20,"nb"
7,11,17,21,29,20,"nb"
8,14,20,25,34,20,"nb"
9,14,18,22,31,20,"nb"
7,13,18,23,30,20,"nb"
8,14,18,24,33,20,"nb"
9,14,19,26,37,20,"nb"
6,11,20,27,37,20,"nb"
7,12,18,22,31,20,"nb"
7,12,18,24,35,20,"nb"
7,10,16,22,33,20,"nb"
8,13,18,23,31,20,"nb"
7,11,16,21,29,20,"nb"
7,12,17,23,33,20,"nb"
8,14,18,24,35,20,"nb"
8,14,19,25,35,20,"nb"
7,12,18,22,30,20,"nb"
10,15,20,24,32,20,"nb"
7,12,19,24,36,20,"nb"
7,13,18,23,33,20,"nb"
8,12,17,22,30,20,"nb"
9,15,19,25,35,20,"nb"
10,17,22,28,38,20,"nb"
7,12,17,22,32,20,"nb"
10,18,23,29,41,20,"nb"
8,13,18,23,33,20,"nb"
8,13,17,22,30,20,"nb"
8,13,18,23,32,20,"nb"
7,11,15,20,28,20,"nb"
8,12,18,22,33,20,"nb"
7,12,18,24,36,20,"nb"
7,14,18,24,33,20,"nb"
8,12,18,23,33,20,"nb"
6,11,15,20,30,20,"nb"
9,14,19,24,32,20,"nb"
7,12,19,24,32,20,"nb"
8,15,20,26,36,20,"nb"
10,14,18,23,35,20,"nb"
7,12,18,23,34,20,"nb"
8,13,18,24,35,20,"nb"
7,12,17,22,33,20,"nb"
7,12,17,22,33,20,"nb"
8,12,18,22,31,20,"nb"
8,14,18,23,33,20,"nb"
7,11,17,22,31,20,"nb"
9,15,20,25,36,20,"nb"
8,13,18,23,32,20,"nb"
8,12,16,21,29,20,"nb"
7,11,18,23,33,20,"nb"
7,11,16,21,31,20,"nb"
7,11,16,22,34,20,"nb"
10,16,21,26,38,20,"nb"
7,11,15,20,28,20,"nb"
8,12,19,24,35,20,"nb"
7,11,16,21,31,20,"nb"
7,11,17,21,32,20,"nb"
8,13,18,23,32,20,"nb"
9,14,19,24,34,20,"nb"
7,13,16,21,30,20,"nb"
7,12,17,22,31,20,"nb"
7,12,17,22,31,20,"nb"
7,13,18,22,33,20,"nb"
8,12,17,22,32,20,"nb"
7,11,18,22,33,20,"nb"
9,15,19,24,32,20,"nb"
8,13,17,22,34,20,"nb"
7,12,18,23,32,20,"nb"
7,12,17,22,32,20,"nb"
7,13,17,22,33,20,"nb"
9,16,20,26,37,20,"nb"
8,13,17,23,31,20,"nb"
10,20,24,33,44,20,"nb"
9,15,19,24,33,20,"nb"
8,13,18,23,33,20,"nb"
9,14,19,25,35,20,"nb"
8,13,18,22,31,20,"nb"
9,13,18,22,31,20,"nb"
7,11,16,21,31,20,"nb"
7,12,18,23,31,20,"nb"
7,12,17,21,30,20,"nb"
7,13,17,22,30,20,"nb"
7,12,16,21,30,20,"nb"
8,13,18,23,33,20,"nb"
7,13,19,25,33,20,"nb"
7,13,16,20,31,20,"nb"
8,13,18,24,34,20,"nb"
7,14,18,24,32,20,"nb"
11,14,19,24,34,20,"nb"
7,12,17,22,31,20,"nb"
9,15,20,25,33,20,"nb"
8,13,17,21,29,20,"nb"
8,13,18,23,35,20,"nb"
6,10,15,20,31,20,"nb"
7,13,18,22,30,20,"nb"
7,12,18,23,32,20,"nb"
8,13,18,23,33,20,"nb"
7,13,18,23,33,20,"nb"
8,16,19,25,36,20,"nb"
9,17,21,30,39,20,"nb"
6,13,16,22,31,20,"nb"
8,13,18,23,32,20,"nb"
7,12,18,23,32,20,"nb"
8,15,18,22,31,20,"nb"
9,14,19,24,35,20,"nb"
7,13,17,23,35,20,"nb"
8,12,19,25,34,20,"nb"
7,13,19,24,35,20,"nb"
7,11,15,21,29,20,"nb"
8,13,18,23,32,20,"nb"
7,11,17,22,33,20,"nb"
7,11,16,21,33,20,"nb"
8,13,17,22,30,20,"nb"
7,11,16,21,30,20,"nb"
8,12,16,21,30,20,"nb"
8,13,17,22,34,20,"nb"
7,12,14,22,34,20,"nb"
8,13,18,24,35,20,"nb"
8,14,19,24,33,20,"nb"
8,13,19,24,33,20,"nb"
7,12,17,22,33,20,"nb"
7,12,17,21,30,20,"nb"
9,15,20,24,32,20,"nb"
7,11,17,21,30,20,"nb"
8,13,18,23,33,20,"nb"
15,18,20,26,36,20,"nb"
8,13,18,23,31,20,"nb"
8,13,18,23,33,20,"nb"
7,13,20,26,36,20,"nb"
7,13,18,23,31,20,"nb"
7,13,17,23,34,20,"nb"
8,13,18,22,32,20,"nb"
7,12,17,23,36,20,"nb"
7,11,16,22,30,20,"nb"
6,10,13,16,22,25,"nb"
5,8,12,15,22,25,"nb"
5,8,11,14,19,25,"nb"
7,10,15,18,23,25,"nb"
5,9,13,16,20,25,"nb"
5,10,13,15,22,25,"nb"
5,8,11,15,19,25,"nb"
5,10,14,17,23,25,"nb"
7,11,15,17,23,25,"nb"
5,10,12,19,25,25,"nb"
5,9,12,16,21,25,"nb"
5,8,11,15,19,25,"nb"
4,8,10,14,19,25,"nb"
4,7,11,17,23,25,"nb"
5,8,12,15,20,25,"nb"
7,10,13,16,22,25,"nb"
4,7,10,13,19,25,"nb"
5,7,9,15,20,25,"nb"
4,6,11,14,20,25,"nb"
5,8,11,14,19,25,"nb"
6,10,13,16,22,25,"nb"
6,8,10,13,18,25,"nb"
5,7,10,13,19,25,"nb"
5,9,13,17,23,25,"nb"
7,11,14,17,23,25,"nb"
5,8,11,15,21,25,"nb"
5,8,11,13,21,25,"nb"
5,8,12,15,19,25,"nb"
8,11,15,18,23,25,"nb"
5,8,11,15,21,25,"nb"
4,7,11,15,24,25,"nb"
5,10,13,18,24,25,"nb"
6,10,14,17,24,25,"nb"
5,9,13,15,20,25,"nb"
5,9,12,15,22,25,"nb"
5,8,11,13,19,25,"nb"
4,7,11,15,22,25,"nb"
5,8,11,15,20,25,"nb"
5,8,11,14,21,25,"nb"
6,10,13,18,24,25,"nb"
6,10,13,16,21,25,"nb"
4,8,11,14,22,25,"nb"
5,10,13,15,20,25,"nb"
6,9,12,15,20,25,"nb"
4,7,10,14,19,25,"nb"
5,8,12,15,20,25,"nb"
5,8,12,15,20,25,"nb"
5,9,13,16,22,25,"nb"
6,10,13,17,22,25,"nb"
7,11,14,17,21,25,"nb"
5,8,11,15,19,25,"nb"
4,7,10,13,18,25,"nb"
5,8,11,14,19,25,"nb"
5,8,11,14,19,25,"nb"
10,13,16,22,26,25,"nb"
6,9,12,15,21,25,"nb"
5,8,12,16,21,25,"nb"
6,8,11,15,19,25,"nb"
5,7,11,13,18,25,"nb"
4,6,9,13,19,25,"nb"
5,8,11,14,19,25,"nb"
5,8,10,15,23,25,"nb"
6,11,13,16,22,25,"nb"
5,7,11,14,20,25,"nb"
5,10,13,16,21,25,"nb"
5,8,11,14,19,25,"nb"
5,8,11,15,20,25,"nb"
4,7,10,12,17,25,"nb"
5,6,11,14,19,25,"nb"
4,7,11,14,20,25,"nb"
4,6,10,12,18,25,"nb"
6,10,13,16,20,25,"nb"
5,8,11,15,20,25,"nb"
6,10,14,17,23,25,"nb"
6,11,14,16,21,25,"nb"
4,7,10,14,20,25,"nb"
4,6,10,14,20,25,"nb"
4,8,11,15,21,25,"nb"
4,7,10,14,19,25,"nb"
5,8,12,15,20,25,"nb"
4,7,9,12,17,25,"nb"
5,8,11,14,20,25,"nb"
4,8,10,14,20,25,"nb"
7,14,21,24,34,30,"nb"
10,20,24,28,41,30,"nb"
9,13,20,22,35,30,"nb"
9,18,22,25,35,30,"nb"
13,17,23,26,36,30,"nb"
9,18,22,31,40,30,"nb"
9,18,22,25,33,30,"nb"
9,16,21,25,36,30,"nb"
9,13,16,19,30,30,"nb"
9,13,17,20,31,30,"nb"
5,12,16,20,29,30,"nb"
12,19,23,25,38,30,"nb"
10,14,20,23,31,30,"nb"
7,16,21,28,39,30,"nb"
7,14,18,21,31,30,"nb"
9,16,21,23,31,30,"nb"
10,19,24,28,37,30,"nb"
9,13,17,20,30,30,"nb"
7,16,23,26,37,30,"nb"
9,13,17,20,33,30,"nb"
9,13,18,22,33,30,"nb"
9,16,23,28,37,30,"nb"
7,16,21,26,37,30,"nb"
9,16,20,22,33,30,"nb"
10,17,23,25,31,30,"nb"
10,14,20,23,34,30,"nb"
10,17,23,25,34,30,"nb"
9,18,23,27,40,30,"nb"
9,13,16,18,30,30,"nb"
10,16,20,24,35,30,"nb"
7,12,16,20,29,30,"nb"
10,19,23,27,35,30,"nb"
13,19,23,34,45,30,"nb"
9,17,23,30,38,30,"nb"
5,11,16,20,31,30,"nb"
9,13,18,22,39,30,"nb"
9,18,25,28,38,30,"nb"
10,16,23,28,37,30,"nb"
12,21,26,31,41,30,"nb"
10,14,20,23,33,30,"nb"
10,19,26,28,34,30,"nb"
10,14,20,23,34,30,"nb"
7,16,20,23,31,30,"nb"
7,16,23,26,39,30,"nb"
9,13,15,19,27,30,"nb"
9,18,25,28,41,30,"nb"
5,14,18,22,33,30,"nb"
5,11,16,20,26,30,"nb"
9,14,20,22,35,30,"nb"
9,14,21,25,36,30,"nb"
10,19,23,27,35,30,"nb"
9,14,21,25,38,30,"nb"
9,14,20,25,38,30,"nb"
9,14,17,20,31,30,"nb"
9,14,20,22,35,30,"nb"
9,13,15,19,28,30,"nb"
9,14,20,29,35,30,"nb"
9,14,20,23,34,30,"nb"
9,18,25,28,39,30,"nb"
9,18,25,30,41,30,"nb"
10,14,18,22,28,30,"nb"
12,21,26,31,41,30,"nb"
9,14,20,23,29,30,"nb"
10,16,20,23,31,30,"nb"
12,17,23,26,37,30,"nb"
9,18,23,27,36,30,"nb"
10,19,21,25,36,30,"nb"
7,11,15,18,28,30,"nb"
9,14,21,23,33,30,"nb"
9,17,24,29,35,30,"nb"
10,14,21,23,31,30,"nb"
12,21,26,31,41,30,"nb"
9,13,15,20,28,30,"nb"
9,17,24,28,37,30,"nb"
10,19,25,30,41,30,"nb"
9,14,18,22,28,30,"nb"
9,14,20,25,33,30,"nb"
9,17,23,26,34,30,"nb"
9,11,17,19,29,30,"nb"
7,14,19,24,35,30,"nb"
10,17,23,26,36,30,"nb"
9,14,21,25,33,30,"nb"
9,16,20,23,29,30,"nb"
7,12,16,20,32,30,"nb"
9,16,21,25,38,30,"nb"
12,19,24,28,41,30,"nb"
10,16,20,22,35,30,"nb"
14,20,24,29,38,30,"nb"
9,14,20,22,35,30,"nb"
10,17,23,30,39,30,"nb"
5,12,18,20,28,30,"nb"
9,16,20,23,34,30,"nb"
9,14,20,23,29,30,"nb"
9,14,20,23,31,30,"nb"
9,14,20,22,30,30,"nb"
12,17,21,28,38,30,"nb"
8,14,21,24,38,30,"nb"
8,15,19,23,30,30,"nb"
10,14,18,22,30,30,"nb"
10,19,23,26,36,30,"nb"
12,19,24,28,37,30,"nb"
12,19,23,26,34,30,"nb"
10,16,20,23,31,30,"nb"
8,18,27,34,62,30,"nb"
10,17,23,25,35,30,"nb"
12,19,24,29,46,30,"nb"
10,20,26,38,55,30,"nb"
12,14,21,23,33,30,"nb"
8,15,22,26,35,30,"nb"
8,14,19,26,40,30,"nb"
12,19,23,28,38,30,"nb"
10,16,21,25,53,30,"nb"
10,14,18,20,31,30,"nb"
12,17,21,28,38,30,"nb"
10,16,20,23,32,30,"nb"
10,17,23,28,37,30,"nb"
10,17,21,23,34,30,"nb"
7,12,16,19,28,30,"nb"
8,15,22,26,35,30,"nb"
10,17,24,27,36,30,"nb"
7,12,18,21,29,30,"nb"
10,16,21,25,35,30,"nb"
10,16,20,23,31,30,"nb"
8,15,21,28,56,30,"nb"
7,14,19,21,48,30,"nb"
13,19,24,28,42,30,"nb"
7,14,19,21,30,30,"nb"
12,17,23,26,47,30,"nb"
10,14,20,23,31,30,"nb"
8,14,19,23,35,30,"nb"
10,16,21,23,32,30,"nb"
13,17,21,24,32,30,"nb"
11,16,23,26,34,30,"nb"
7,12,16,18,28,30,"nb"
11,18,23,28,40,30,"nb"
7,12,18,21,30,30,"nb"
8,15,21,23,27,30,"nb"
8,15,21,25,35,30,"nb"
10,14,17,19,28,30,"nb"
8,15,24,27,36,30,"nb"
8,15,23,27,33,30,"nb"
5,12,18,21,30,30,"nb"
9,16,23,25,31,30,"nb"
9,18,23,26,32,30,"nb"
11,18,23,28,38,30,"nb"
8,14,17,21,33,30,"nb"
7,14,19,22,31,30,"nb"
5,12,17,20,29,30,"nb"
8,14,21,26,36,30,"nb"
10,17,26,32,51,35,"nb"
9,16,25,39,57,35,"nb"
9,18,25,39,50,35,"nb"
10,19,26,37,63,35,"nb"
9,16,25,39,53,35,"nb"
15,22,31,45,54,35,"nb"
9,18,25,39,124,35,"nb"
9,18,27,41,67,35,"nb"
15,22,28,34,60,35,"nb"
9,18,23,37,90,35,"nb"
9,16,21,32,79,35,"nb"
59,106,210,349,645,5,"nb"
69,140,223,362,658,5,"nb"
89,136,219,393,484,5,"nb"
89,148,231,405,539,5,"nb"
69,128,211,350,613,5,"nb"
37,96,200,374,576,5,"nb"
69,116,199,338,634,5,"nb"
79,138,243,382,515,5,"nb"
79,138,221,291,554,5,"nb"
69,152,235,323,508,5,"nb"
89,121,204,292,555,5,"nb"
79,162,224,398,566,5,"nb"
69,116,220,290,492,5,"nb"
89,136,219,307,475,5,"nb"
69,140,223,397,565,5,"nb"
79,126,209,297,466,5,"nb"
69,113,188,588,756,5,"nb"
69,128,211,281,449,5,"nb"
79,138,221,309,572,5,"nb"
79,150,233,407,575,5,"nb"
69,140,193,281,544,5,"nb"
69,128,181,355,541,5,"nb"
79,138,202,290,459,5,"nb"
69,128,192,280,466,5,"nb"
69,140,202,290,553,5,"nb"
79,138,192,366,567,5,"nb"
69,128,192,366,552,5,"nb"
69,140,193,281,432,5,"nb"
69,128,181,269,438,5,"nb"
79,138,192,366,500,5,"nb"
69,128,181,355,523,5,"nb"
69,128,181,269,403,5,"nb"
69,128,175,263,414,5,"nb"
89,136,200,327,495,5,"nb"
37,96,149,237,388,5,"nb"
89,148,201,307,492,5,"nb"
79,138,192,280,414,5,"nb"
79,126,179,267,436,5,"nb"
79,138,326,414,540,5,"nb"
69,116,180,250,401,5,"nb"
79,138,192,297,483,5,"nb"
79,150,203,309,460,5,"nb"
79,126,179,285,436,5,"nb"
37,96,149,237,422,5,"nb"
54,113,166,271,405,5,"nb"
79,138,192,297,448,5,"nb"
54,100,154,242,392,5,"nb"
79,126,190,296,447,5,"nb"
79,138,192,280,465,5,"nb"
69,140,204,310,436,5,"nb"
79,110,163,251,453,5,"nb"
69,128,181,390,575,5,"nb"
54,124,188,294,445,5,"nb"
79,103,156,245,446,5,"nb"
51,88,152,258,409,5,"nb"
34,57,91,125,190,10,"on"
29,52,72,99,142,10,"on"
29,83,110,144,190,10,"on"
29,55,82,116,168,10,"on"
16,39,66,101,159,10,"on"
34,60,80,107,153,10,"on"
39,62,89,124,182,10,"on"
34,54,81,108,160,10,"on"
55,73,100,134,174,10,"on"
16,39,59,93,133,10,"on"
55,92,112,224,270,10,"on"
34,52,72,106,146,10,"on"
16,39,66,93,152,10,"on"
34,52,79,113,165,10,"on"
34,52,86,120,178,10,"on"
39,62,95,129,175,10,"on"
34,52,72,99,145,10,"on"
33,56,83,110,162,10,"on"
29,52,72,106,158,10,"on"
29,47,74,101,147,10,"on"
29,47,74,108,160,10,"on"
29,47,74,108,166,10,"on"
29,47,67,101,141,10,"on"
34,52,72,99,145,10,"on"
39,67,101,142,188,10,"on"
34,52,79,113,171,10,"on"
34,57,84,125,177,10,"on"
29,47,81,115,161,10,"on"
34,57,84,118,182,10,"on"
34,52,79,106,158,10,"on"
16,39,56,90,142,10,"on"
34,52,79,106,158,10,"on"
29,52,79,106,146,10,"on"
29,47,74,101,159,10,"on"
29,47,81,122,180,10,"on"
34,52,66,80,126,10,"on"
29,52,79,113,165,10,"on"
16,39,66,93,145,10,"on"
39,62,89,130,188,10,"on"
39,67,94,128,180,10,"on"
34,52,66,93,145,10,"on"
34,57,84,111,157,10,"on"
34,52,79,106,158,10,"on"
34,52,66,93,139,10,"on"
29,47,81,108,154,10,"on"
34,52,86,113,153,10,"on"
16,34,61,75,121,10,"on"
39,62,76,111,169,10,"on"
29,52,79,106,152,10,"on"
34,52,79,106,158,10,"on"
34,52,79,113,171,10,"on"
29,47,74,101,147,10,"on"
28,46,73,100,146,10,"on"
20,38,72,113,177,10,"on"
19,37,64,98,147,10,"on"
19,42,69,110,151,10,"on"
29,52,86,113,152,10,"on"
34,52,79,106,146,10,"on"
34,52,79,106,147,10,"on"
34,57,84,118,176,10,"on"
34,52,79,113,153,10,"on"
34,52,79,106,152,10,"on"
34,52,79,120,161,10,"on"
19,42,69,103,143,10,"on"
29,61,95,129,188,10,"on"
19,42,67,101,159,10,"on"
25,48,75,102,148,10,"on"
34,57,91,125,166,10,"on"
34,52,66,93,133,10,"on"
34,52,79,106,152,10,"on"
19,42,69,96,142,10,"on"
34,52,79,113,154,10,"on"
19,37,58,92,162,10,"on"
34,57,84,118,159,10,"on"
25,53,87,128,192,10,"on"
25,53,80,107,153,10,"on"
19,42,76,111,151,10,"on"
34,52,86,113,159,10,"on"
19,37,64,91,137,10,"on"
34,57,91,125,171,10,"on"
29,52,78,105,146,10,"on"
34,52,79,106,147,10,"on"
19,37,64,98,156,10,"on"
27,45,72,99,139,10,"on"
22,40,74,109,173,10,"on"
22,40,67,94,152,10,"on"
19,37,64,98,145,10,"on"
22,45,80,107,188,10,"on"
16,44,71,98,143,10,"on"
22,40,74,109,149,10,"on"
19,42,56,90,130,10,"on"
22,40,67,101,142,10,"on"
19,37,64,91,137,10,"on"
19,37,64,98,144,10,"on"
25,48,82,109,150,10,"on"
19,37,57,84,124,10,"on"
22,40,58,155,196,10,"on"
22,45,64,98,142,10,"on"
22,40,58,72,118,10,"on"
19,42,60,87,133,10,"on"
19,37,55,89,130,10,"on"
22,40,58,85,126,10,"on"
23,46,80,114,159,10,"on"
19,37,55,82,127,10,"on"
19,37,55,82,128,10,"on"
22,40,58,93,133,10,"on"
22,40,58,92,133,10,"on"
22,38,56,90,131,10,"on"
19,51,69,103,143,10,"on"
19,46,64,98,142,10,"on"
22,38,48,75,108,10,"on"
22,38,56,83,114,10,"on"
23,46,64,98,144,10,"on"
22,38,52,79,125,10,"on"
19,42,60,101,146,10,"on"
22,38,52,79,119,10,"on"
25,41,55,89,133,10,"on"
22,50,68,95,141,10,"on"
22,50,68,95,141,10,"on"
22,45,64,90,136,10,"on"
22,45,64,90,131,10,"on"
22,45,64,98,138,10,"on"
19,42,76,111,151,10,"on"
19,35,53,80,126,10,"on"
22,45,64,98,143,10,"on"
25,41,59,93,139,10,"on"
25,41,59,86,130,10,"on"
22,50,68,95,141,10,"on"
19,35,49,76,122,10,"on"
25,48,66,93,139,10,"on"
19,42,60,94,126,10,"on"
16,44,71,105,151,10,"on"
19,35,49,76,116,10,"on"
16,32,54,88,134,10,"on"
16,39,61,95,136,10,"on"
16,32,50,77,108,10,"on"
19,35,57,91,131,10,"on"
19,35,53,72,103,10,"on"
19,47,65,99,140,10,"on"
19,35,57,87,140,10,"on"
22,43,57,75,115,10,"on"
22,38,56,74,114,10,"on"
22,50,68,91,131,10,"on"
19,38,56,78,123,10,"on"
22,41,55,77,113,10,"on"
19,35,53,71,107,10,"on"
10,17,25,33,46,15,"on"
13,22,28,36,50,15,"on"
9,17,23,30,46,15,"on"
11,20,26,34,48,15,"on"
10,19,28,39,52,15,"on"
10,18,25,34,46,15,"on"
10,19,25,33,48,15,"on"
12,20,28,36,51,15,"on"
10,18,26,34,52,15,"on"
10,19,25,32,46,15,"on"
11,19,25,35,50,15,"on"
9,15,22,30,48,15,"on"
10,17,23,31,46,15,"on"
10,17,25,34,49,15,"on"
11,18,25,34,51,15,"on"
18,27,35,46,61,15,"on"
12,20,27,36,52,15,"on"
14,22,30,39,55,15,"on"
8,12,16,21,29,20,"on"
8,13,18,22,30,20,"on"
7,12,18,22,32,20,"on"
8,13,18,22,29,20,"on"
7,14,18,22,32,20,"on"
7,12,16,21,29,20,"on"
7,12,16,21,31,20,"on"
7,12,17,23,34,20,"on"
6,11,14,19,29,20,"on"
8,13,18,22,30,20,"on"
8,13,17,23,33,20,"on"
7,10,15,19,27,20,"on"
7,11,15,20,28,20,"on"
6,10,14,19,28,20,"on"
8,13,17,22,30,20,"on"
7,12,16,21,30,20,"on"
9,13,18,22,30,20,"on"
8,13,18,23,33,20,"on"
7,11,15,19,27,20,"on"
7,11,15,19,26,20,"on"
11,19,27,32,43,20,"on"
11,13,17,21,31,20,"on"
8,13,18,23,33,20,"on"
8,12,16,21,29,20,"on"
7,12,17,26,37,20,"on"
6,11,14,19,28,20,"on"
7,12,16,21,29,20,"on"
7,13,18,23,34,20,"on"
9,14,19,23,31,20,"on"
8,12,16,21,29,20,"on"
7,11,15,19,27,20,"on"
9,15,19,25,33,20,"on"
7,11,16,21,30,20,"on"
11,13,18,23,32,20,"on"
11,15,19,24,32,20,"on"
8,13,17,21,29,20,"on"
8,13,17,22,32,20,"on"
8,13,18,23,33,20,"on"
7,11,16,21,31,20,"on"
7,11,15,19,28,20,"on"
7,11,15,19,27,20,"on"
7,12,17,21,29,20,"on"
10,14,19,23,32,20,"on"
8,13,17,24,35,20,"on"
6,10,14,19,26,20,"on"
6,10,14,19,25,20,"on"
7,13,16,21,31,20,"on"
6,11,16,20,30,20,"on"
7,12,16,22,33,20,"on"
7,12,16,20,27,20,"on"
8,12,16,21,28,20,"on"
8,13,17,22,33,20,"on"
7,11,15,19,27,20,"on"
9,13,18,22,32,20,"on"
11,13,18,23,33,20,"on"
8,14,19,25,36,20,"on"
7,11,16,20,29,20,"on"
8,12,15,19,27,20,"on"
6,10,14,19,29,20,"on"
7,11,15,19,28,20,"on"
7,11,16,21,31,20,"on"
7,11,15,19,26,20,"on"
8,12,16,21,31,20,"on"
8,12,17,21,29,20,"on"
7,11,15,19,27,20,"on"
7,11,15,19,27,20,"on"
6,11,15,19,30,20,"on"
7,12,16,21,31,20,"on"
6,12,17,21,33,20,"on"
9,13,17,21,29,20,"on"
7,10,15,19,27,20,"on"
7,11,15,20,30,20,"on"
6,11,15,19,27,20,"on"
7,12,17,22,30,20,"on"
7,11,16,21,31,20,"on"
6,11,15,20,29,20,"on"
7,13,18,22,31,20,"on"
6,11,16,20,29,20,"on"
6,10,14,19,28,20,"on"
6,11,15,20,30,20,"on"
6,10,15,19,29,20,"on"
7,12,17,22,32,20,"on"
7,12,17,22,32,20,"on"
7,13,18,24,34,20,"on"
6,10,14,19,30,20,"on"
7,11,15,19,27,20,"on"
6,11,13,18,26,20,"on"
8,13,18,23,34,20,"on"
6,10,15,19,28,20,"on"
7,13,19,24,34,20,"on"
7,11,14,18,25,20,"on"
8,13,19,25,37,20,"on"
8,15,20,26,36,20,"on"
10,14,18,23,32,20,"on"
8,13,18,23,34,20,"on"
7,11,16,20,30,20,"on"
7,11,15,20,27,20,"on"
13,18,22,26,40,20,"on"
7,13,20,25,35,20,"on"
6,11,15,19,27,20,"on"
7,12,15,19,27,20,"on"
10,16,19,24,32,20,"on"
9,14,19,25,35,20,"on"
7,12,18,22,31,20,"on"
7,13,17,21,28,20,"on"
8,12,17,21,31,20,"on"
6,10,13,19,26,20,"on"
7,12,16,20,30,20,"on"
7,12,17,22,32,20,"on"
10,14,19,23,31,20,"on"
7,12,15,20,28,20,"on"
7,12,17,21,31,20,"on"
6,11,15,19,27,20,"on"
6,11,15,19,26,20,"on"
7,11,15,19,29,20,"on"
7,11,15,19,27,20,"on"
8,12,16,21,29,20,"on"
6,11,15,20,28,20,"on"
8,13,18,23,33,20,"on"
7,12,17,22,32,20,"on"
4,8,10,16,21,25,"on"
5,7,10,13,18,25,"on"
5,7,10,12,18,25,"on"
4,7,10,13,18,25,"on"
5,7,9,12,16,25,"on"
4,7,10,13,18,25,"on"
3,8,12,16,22,25,"on"
6,8,10,13,17,25,"on"
4,8,11,15,22,25,"on"
5,8,11,14,21,25,"on"
6,9,12,16,22,25,"on"
5,8,11,16,22,25,"on"
6,8,11,14,21,25,"on"
4,6,9,13,19,25,"on"
5,8,10,12,17,25,"on"
6,8,11,17,22,25,"on"
5,8,11,14,19,25,"on"
6,8,11,14,21,25,"on"
7,8,11,16,22,25,"on"
6,8,11,15,21,25,"on"
6,9,12,17,22,25,"on"
6,8,11,14,21,25,"on"
5,7,10,14,21,25,"on"
4,7,10,12,18,25,"on"
4,6,9,12,18,25,"on"
6,8,11,14,19,25,"on"
6,8,11,14,18,25,"on"
5,7,9,12,17,25,"on"
4,7,9,11,16,25,"on"
5,7,10,14,21,25,"on"
5,8,10,17,23,25,"on"
4,7,10,12,17,25,"on"
5,8,14,17,23,25,"on"
5,8,11,14,21,25,"on"
6,11,14,19,27,25,"on"
4,7,9,12,17,25,"on"
4,8,11,17,22,25,"on"
4,7,9,11,19,25,"on"
4,7,10,12,18,25,"on"
6,7,11,14,21,25,"on"
4,7,9,12,18,25,"on"
4,8,11,14,21,25,"on"
5,7,11,14,21,25,"on"
6,10,12,16,22,25,"on"
5,7,10,16,21,25,"on"
4,8,10,14,19,25,"on"
4,7,10,13,17,25,"on"
4,7,10,13,19,25,"on"
6,9,11,14,21,25,"on"
4,6,9,12,17,25,"on"
5,8,10,13,17,25,"on"
5,14,15,19,25,25,"on"
4,8,11,14,18,25,"on"
5,9,11,14,18,25,"on"
5,8,11,14,21,25,"on"
4,7,10,13,19,25,"on"
5,7,10,12,17,25,"on"
5,7,9,12,17,25,"on"
6,10,16,19,25,25,"on"
4,6,9,12,16,25,"on"
4,7,10,14,19,25,"on"
6,8,10,17,25,25,"on"
6,8,11,14,19,25,"on"
5,7,9,12,17,25,"on"
4,7,10,14,19,25,"on"
4,7,10,14,21,25,"on"
5,7,10,13,18,25,"on"
4,6,9,11,17,25,"on"
4,7,9,12,17,25,"on"
4,8,11,14,21,25,"on"
5,8,11,17,23,25,"on"
4,8,11,15,21,25,"on"
4,7,10,13,18,25,"on"
5,8,11,15,22,25,"on"
4,6,9,11,15,25,"on"
4,6,10,14,19,25,"on"
6,8,11,13,18,25,"on"
4,6,9,11,17,25,"on"
5,8,12,15,21,25,"on"
4,6,9,11,17,25,"on"
4,7,13,16,21,25,"on"
5,7,9,11,16,25,"on"
4,7,10,14,19,25,"on"
4,7,10,13,18,25,"on"
4,7,9,12,17,25,"on"
4,7,10,13,18,25,"on"
4,7,10,13,18,25,"on"
4,8,10,14,18,25,"on"
4,7,11,15,22,25,"on"
6,10,12,15,23,25,"on"
4,7,10,14,19,25,"on"
7,12,16,19,27,30,"on"
10,17,29,31,40,30,"on"
7,16,19,24,43,30,"on"
7,11,15,19,25,30,"on"
10,19,25,32,45,30,"on"
7,16,17,23,29,30,"on"
7,11,15,21,29,30,"on"
7,16,19,24,33,30,"on"
10,17,26,30,39,30,"on"
7,11,15,17,28,30,"on"
7,16,17,21,27,30,"on"
7,16,20,24,33,30,"on"
7,16,25,29,35,30,"on"
9,16,20,22,33,30,"on"
7,16,17,19,25,30,"on"
9,18,27,29,40,30,"on"
7,11,17,19,25,30,"on"
7,16,17,23,31,30,"on"
14,17,21,25,34,30,"on"
7,16,19,22,27,30,"on"
9,13,18,20,26,30,"on"
9,18,23,29,40,30,"on"
10,17,20,23,29,30,"on"
9,12,16,21,26,30,"on"
7,16,20,24,32,30,"on"
10,17,23,27,36,30,"on"
9,18,20,22,28,30,"on"
10,13,19,21,25,30,"on"
9,18,23,27,36,30,"on"
5,12,16,20,25,30,"on"
9,16,18,22,31,30,"on"
9,16,20,24,33,30,"on"
7,16,17,21,26,30,"on"
11,15,20,24,35,30,"on"
9,13,18,22,31,30,"on"
7,16,19,22,33,30,"on"
7,16,19,22,30,30,"on"
7,18,21,28,32,30,"on"
7,11,17,22,28,30,"on"
9,18,23,27,33,30,"on"
5,12,16,18,31,30,"on"
11,20,25,29,38,30,"on"
7,16,19,22,27,30,"on"
9,16,17,22,28,30,"on"
5,9,15,20,26,30,"on"
9,16,27,43,54,30,"on"
9,20,24,28,40,30,"on"
9,16,20,24,35,30,"on"
7,16,17,24,30,30,"on"
7,16,20,24,32,30,"on"
5,12,21,23,42,30,"on"
9,11,15,19,28,30,"on"
7,11,15,19,23,30,"on"
10,17,20,23,29,30,"on"
10,17,23,27,38,30,"on"
9,16,25,29,41,30,"on"
9,18,23,27,35,30,"on"
7,11,15,20,26,30,"on"
7,11,15,18,27,30,"on"
10,17,23,26,37,30,"on"
10,17,27,29,38,30,"on"
5,9,15,17,26,30,"on"
10,17,22,26,32,30,"on"
10,14,23,25,31,30,"on"
9,18,19,22,28,30,"on"
9,13,17,19,27,30,"on"
9,18,23,27,35,30,"on"
7,16,17,20,29,30,"on"
7,11,15,18,23,30,"on"
9,18,23,27,36,30,"on"
9,18,20,24,30,30,"on"
7,11,16,20,27,30,"on"
9,16,25,28,37,30,"on"
9,16,25,28,34,30,"on"
9,18,23,27,36,30,"on"
7,16,17,19,30,30,"on"
7,16,17,20,28,30,"on"
9,19,28,30,43,30,"on"
7,16,20,23,32,30,"on"
7,11,15,17,24,30,"on"
7,11,15,18,26,30,"on"
7,16,20,23,29,30,"on"
9,13,18,20,26,30,"on"
7,16,18,22,37,30,"on"
9,18,20,37,45,30,"on"
10,14,23,27,36,30,"on"
10,17,23,26,37,30,"on"
9,18,27,29,35,30,"on"
7,16,20,23,31,30,"on"
7,16,20,23,32,30,"on"
7,11,15,17,23,30,"on"
7,11,15,17,23,30,"on"
7,16,18,22,31,30,"on"
7,11,15,17,28,30,"on"
9,16,22,25,28,30,"on"
7,11,16,20,29,30,"on"
9,13,18,22,31,30,"on"
7,18,23,27,31,30,"on"
8,15,18,25,31,30,"on"
8,15,19,26,32,30,"on"
7,16,18,22,29,30,"on"
9,16,25,29,36,30,"on"
7,16,17,22,30,30,"on"
7,16,20,25,38,30,"on"
8,17,19,21,47,30,"on"
9,16,19,22,31,30,"on"
7,11,16,18,23,30,"on"
8,12,16,18,26,30,"on"
8,17,19,21,29,30,"on"
7,18,19,21,27,30,"on"
9,12,14,18,24,30,"on"
8,17,23,26,32,30,"on"
15,16,21,25,32,30,"on"
7,11,15,22,28,30,"on"
7,16,17,22,29,30,"on"
7,11,15,18,26,30,"on"
7,16,17,22,28,30,"on"
7,18,23,27,33,30,"on"
7,17,18,21,30,30,"on"
10,19,23,25,34,30,"on"
5,12,16,20,29,30,"on"
8,15,19,21,27,30,"on"
7,16,20,27,39,30,"on"
7,16,20,27,33,30,"on"
10,19,25,30,37,30,"on"
8,14,20,25,32,30,"on"
9,15,17,19,27,30,"on"
9,15,19,24,33,30,"on"
8,17,19,23,29,30,"on"
8,17,18,22,28,30,"on"
8,14,18,20,32,30,"on"
9,18,24,26,37,30,"on"
8,12,18,21,30,30,"on"
8,17,23,26,32,30,"on"
7,16,20,23,32,30,"on"
8,17,21,23,31,30,"on"
9,15,17,21,27,30,"on"
7,16,21,23,36,30,"on"
10,14,17,20,29,30,"on"
7,16,18,22,29,30,"on"
7,11,15,22,28,30,"on"
7,16,17,20,25,30,"on"
9,18,24,27,33,30,"on"
8,12,18,20,26,30,"on"
7,14,17,20,26,30,"on"
8,14,18,21,30,30,"on"
8,15,23,26,37,30,"on"
9,14,20,23,32,30,"on"
8,15,21,24,29,30,"on"
8,12,18,20,27,30,"on"
8,15,17,21,28,30,"on"
8,14,18,21,30,30,"on"
8,15,22,24,35,30,"on"
7,15,24,35,155,30,"on"
8,14,16,18,28,30,"on"
9,14,20,23,26,30,"on"
7,14,16,20,27,30,"on"
7,11,15,18,23,30,"on"
7,15,20,24,30,30,"on"
5,11,18,21,34,30,"on"
8,12,16,20,27,30,"on"
8,14,19,23,30,30,"on"
8,14,19,23,32,30,"on"
7,14,15,18,23,30,"on"
5,11,15,17,23,30,"on"
9,14,20,23,28,30,"on"
7,14,19,21,30,30,"on"
7,14,16,20,26,30,"on"
8,15,22,26,35,30,"on"
8,12,18,21,30,30,"on"
8,14,19,21,40,30,"on"
7,11,14,18,25,30,"on"
8,15,19,21,30,30,"on"
15,28,37,92,125,35,"on"
13,20,29,33,92,35,"on"
10,24,31,45,68,35,"on"
9,16,25,39,60,35,"on"
13,22,27,38,62,35,"on"
9,18,23,34,45,35,"on"
9,18,25,39,60,35,"on"
13,17,22,36,57,35,"on"
9,16,25,31,45,35,"on"
9,16,21,27,60,35,"on"
10,19,24,30,41,35,"on"
7,20,25,39,44,35,"on"
7,16,21,32,46,35,"on"
10,17,24,35,46,35,"on"
15,24,28,39,46,35,"on"
7,14,21,27,46,35,"on"
12,19,23,27,41,35,"on"
10,17,26,37,70,35,"on"
7,11,15,19,33,35,"on"
12,21,30,36,95,35,"on"
22,24,31,42,66,35,"on"
9,18,27,41,50,35,"on"
7,93,100,114,135,35,"on"
9,18,27,41,74,35,"on"
10,17,26,28,49,35,"on"
10,17,26,30,44,35,"on"
9,16,25,39,50,35,"on"
9,16,20,37,48,35,"on"
9,18,22,33,51,35,"on"
9,18,22,39,44,35,"on"
10,17,24,28,52,35,"on"
9,18,25,36,95,35,"on"
9,18,27,38,71,35,"on"
9,18,25,39,57,35,"on"
12,16,23,37,46,35,"on"
9,16,25,39,57,35,"on"
9,18,22,36,54,35,"on"
9,18,27,33,57,35,"on"
9,18,27,41,55,35,"on"
10,19,26,40,51,35,"on"
7,16,23,37,48,35,"on"
9,18,32,43,102,35,"on"
11,18,25,36,47,35,"on"
10,17,21,35,54,35,"on"
11,22,31,37,48,35,"on"
11,18,25,39,53,35,"on"
9,18,29,43,102,35,"on"
7,14,18,22,31,35,"on"
9,18,25,29,47,35,"on"
10,17,26,43,76,35,"on"
9,16,20,31,40,35,"on"
9,18,27,31,45,35,"on"
10,19,26,40,49,35,"on"
9,18,27,33,57,35,"on"
7,18,27,41,52,35,"on"
10,19,26,35,56,35,"on"
9,18,25,29,43,35,"on"
10,17,26,32,46,35,"on"
9,20,27,35,49,35,"on"
9,18,25,33,42,35,"on"
9,16,25,33,50,35,"on"
7,14,21,27,41,35,"on"
9,16,20,24,40,35,"on"
7,18,21,35,94,35,"on"
10,21,25,39,50,35,"on"
9,18,25,39,46,35,"on"
9,18,25,31,55,35,"on"
10,19,26,40,74,35,"on"
15,17,21,33,57,35,"on"
7,18,27,41,58,35,"on"
9,18,25,39,55,35,"on"
9,18,25,33,49,35,"on"
5,12,16,24,38,35,"on"
10,21,28,42,66,35,"on"
7,14,23,31,64,35,"on"
9,13,20,24,32,35,"on"
10,19,26,34,58,35,"on"
7,16,25,31,40,35,"on"
9,18,27,41,57,35,"on"
9,18,24,32,43,35,"on"
10,19,23,37,46,35,"on"
10,19,25,33,47,35,"on"
69,116,199,269,565,5,"on"
69,147,230,369,632,5,"on"
69,128,211,309,572,5,"on"
120,191,274,362,625,5,"on"
37,84,167,255,423,5,"on"
37,96,179,267,530,5,"on"
37,96,200,288,456,5,"on"
69,140,223,311,574,5,"on"
69,128,232,320,650,5,"on"
37,96,179,249,512,5,"on"
69,140,244,314,643,5,"on"
52,111,215,285,614,5,"on"
42,102,184,359,621,5,"on"
110,157,240,448,777,5,"on"
42,102,184,272,535,5,"on"
37,96,200,288,518,5,"on"
42,102,184,272,535,5,"on"
37,108,210,298,466,5,"on"
50,72,126,214,477,5,"on"
42,102,155,243,411,5,"on"
42,102,155,329,658,5,"on"
37,84,137,225,455,5,"on"
37,108,161,249,417,5,"on"
89,136,189,363,503,5,"on"
42,102,206,294,556,5,"on"
37,96,162,250,418,5,"on"
42,102,163,338,472,5,"on"
37,96,149,219,353,5,"on"
37,80,133,303,566,5,"on"
42,89,148,322,490,5,"on"
42,102,155,329,463,5,"on"
34,57,84,111,147,10,"qc"
45,73,100,134,170,10,"qc"
39,62,89,124,151,10,"qc"
39,62,89,124,159,10,"qc"
34,57,84,118,156,10,"qc"
34,62,89,123,159,10,"qc"
29,57,84,111,143,10,"qc"
29,52,79,106,142,10,"qc"
34,57,84,111,152,10,"qc"
34,57,84,111,147,10,"qc"
34,57,84,118,154,10,"qc"
29,57,84,111,143,10,"qc"
34,62,89,116,152,10,"qc"
29,52,86,108,144,10,"qc"
34,62,89,111,147,10,"qc"
34,60,87,114,146,10,"qc"
29,52,79,106,134,10,"qc"
29,52,85,112,143,10,"qc"
29,52,79,106,142,10,"qc"
29,57,84,111,147,10,"qc"
29,57,80,107,143,10,"qc"
34,60,87,114,152,10,"qc"
25,48,74,101,136,10,"qc"
34,57,84,108,144,10,"qc"
29,57,84,102,134,10,"qc"
34,62,89,111,146,10,"qc"
34,60,87,105,137,10,"qc"
34,57,84,106,144,10,"qc"
34,62,89,107,142,10,"qc"
34,57,84,106,141,10,"qc"
34,57,79,101,139,10,"qc"
39,67,94,112,144,10,"qc"
34,62,84,106,138,10,"qc"
23,49,76,94,126,10,"qc"
34,57,84,102,138,10,"qc"
34,60,87,105,141,10,"qc"
39,62,89,111,147,10,"qc"
34,57,79,101,136,10,"qc"
29,57,84,102,134,10,"qc"
29,52,79,97,132,10,"qc"
39,52,79,97,133,10,"qc"
29,57,84,102,134,10,"qc"
34,57,84,102,138,10,"qc"
29,52,79,97,133,10,"qc"
34,62,171,193,229,10,"qc"
34,57,84,106,142,10,"qc"
34,57,84,102,138,10,"qc"
29,57,84,106,141,10,"qc"
34,57,84,106,138,10,"qc"
29,52,79,97,129,10,"qc"
29,52,79,97,132,10,"qc"
34,52,72,90,122,10,"qc"
34,62,80,98,130,10,"qc"
39,62,84,106,142,10,"qc"
34,57,75,97,135,10,"qc"
34,57,75,97,129,10,"qc"
39,62,80,99,134,10,"qc"
34,57,75,93,131,10,"qc"
39,62,80,102,138,10,"qc"
29,52,72,94,126,10,"qc"
29,57,79,101,137,10,"qc"
34,57,75,93,128,10,"qc"
34,52,70,88,123,10,"qc"
29,53,71,93,125,10,"qc"
39,52,70,92,128,10,"qc"
34,57,75,93,129,10,"qc"
39,62,80,102,138,10,"qc"
39,62,78,100,128,10,"qc"
34,57,71,89,121,10,"qc"
29,52,70,88,120,10,"qc"
23,46,64,86,121,10,"qc"
29,50,68,86,118,10,"qc"
34,57,75,119,155,10,"qc"
34,57,79,97,132,10,"qc"
22,45,63,82,118,10,"qc"
34,57,75,93,125,10,"qc"
23,46,68,86,122,10,"qc"
34,57,75,93,125,10,"qc"
34,52,70,88,122,10,"qc"
19,42,60,78,110,10,"qc"
23,46,64,86,122,10,"qc"
19,42,60,78,111,10,"qc"
34,57,75,97,132,10,"qc"
19,42,56,74,101,10,"qc"
39,62,80,99,130,10,"qc"
23,46,64,86,117,10,"qc"
34,57,75,93,124,10,"qc"
34,57,75,97,128,10,"qc"
34,57,75,97,128,10,"qc"
19,37,55,73,107,10,"qc"
19,42,60,75,106,10,"qc"
22,45,64,82,113,10,"qc"
34,52,86,108,143,10,"qc"
19,42,60,78,110,10,"qc"
34,57,75,97,129,10,"qc"
34,57,75,89,120,10,"qc"
19,37,55,73,105,10,"qc"
19,42,60,78,110,10,"qc"
19,37,55,73,104,10,"qc"
25,43,61,79,111,10,"qc"
34,57,75,93,125,10,"qc"
34,57,75,93,128,10,"qc"
19,42,60,78,110,10,"qc"
19,42,64,86,121,10,"qc"
25,43,61,79,111,10,"qc"
34,57,75,93,124,10,"qc"
25,43,61,75,107,10,"qc"
25,46,64,84,116,10,"qc"
26,44,62,80,112,10,"qc"
23,41,59,77,108,10,"qc"
25,44,62,80,111,10,"qc"
25,43,57,75,107,10,"qc"
22,41,59,77,109,10,"qc"
25,44,62,81,112,10,"qc"
22,41,59,77,109,10,"qc"
21,40,58,76,107,10,"qc"
19,38,56,74,109,10,"qc"
19,42,60,78,109,10,"qc"
25,44,66,84,116,10,"qc"
22,41,59,77,109,10,"qc"
22,45,63,80,114,10,"qc"
19,42,64,82,117,10,"qc"
22,40,58,76,111,10,"qc"
20,39,57,75,107,10,"qc"
19,42,56,74,106,10,"qc"
25,44,62,78,110,10,"qc"
22,45,63,81,112,10,"qc"
25,44,62,78,109,10,"qc"
19,41,59,77,108,10,"qc"
22,41,55,73,105,10,"qc"
19,38,56,74,109,10,"qc"
25,43,61,79,111,10,"qc"
25,44,62,78,111,10,"qc"
25,43,61,79,111,10,"qc"
22,41,59,73,105,10,"qc"
25,44,62,80,112,10,"qc"
22,41,55,73,105,10,"qc"
25,43,61,77,108,10,"qc"
20,39,57,72,104,10,"qc"
25,43,57,75,107,10,"qc"
23,42,60,78,109,10,"qc"
22,41,55,73,101,10,"qc"
21,39,53,71,100,10,"qc"
22,41,59,77,109,10,"qc"
21,40,62,79,110,10,"qc"
22,41,59,77,109,10,"qc"
19,39,57,75,106,10,"qc"
21,40,54,72,99,10,"qc"
19,39,58,76,106,10,"qc"
19,38,52,70,101,10,"qc"
22,38,56,70,98,10,"qc"
22,42,56,74,102,10,"qc"
22,38,56,74,105,10,"qc"
19,38,54,69,98,10,"qc"
65,84,102,120,147,10,"qc"
19,38,56,74,105,10,"qc"
19,38,56,74,102,10,"qc"
22,41,59,77,109,10,"qc"
22,41,55,73,104,10,"qc"
18,34,52,70,97,10,"qc"
22,41,59,77,108,10,"qc"
22,41,59,77,109,10,"qc"
22,41,59,77,105,10,"qc"
11,18,24,31,42,15,"qc"
15,24,31,36,55,15,"qc"
14,21,27,34,46,15,"qc"
13,20,28,35,48,15,"qc"
12,18,25,34,47,15,"qc"
11,19,26,35,51,15,"qc"
16,22,30,38,51,15,"qc"
10,17,23,30,42,15,"qc"
12,18,24,32,45,15,"qc"
14,20,27,34,46,15,"qc"
14,21,28,36,48,15,"qc"
14,20,27,34,46,15,"qc"
14,21,27,35,47,15,"qc"
11,18,25,32,44,15,"qc"
11,18,24,31,42,15,"qc"
15,24,32,41,54,15,"qc"
13,20,27,35,47,15,"qc"
15,22,28,34,46,15,"qc"
13,19,25,32,44,15,"qc"
12,21,30,38,51,15,"qc"
11,18,26,36,47,15,"qc"
12,20,27,34,46,15,"qc"
12,19,27,35,48,15,"qc"
10,17,25,33,46,15,"qc"
13,21,29,37,51,15,"qc"
9,15,19,25,34,20,"qc"
7,14,18,23,34,20,"qc"
11,15,20,25,34,20,"qc"
8,14,18,23,33,20,"qc"
6,11,16,20,30,20,"qc"
9,14,19,24,34,20,"qc"
8,13,18,24,34,20,"qc"
7,12,18,20,35,20,"qc"
6,15,20,26,34,20,"qc"
7,12,16,21,29,20,"qc"
6,10,15,19,27,20,"qc"
7,13,18,26,36,20,"qc"
8,15,19,24,32,20,"qc"
7,12,17,21,29,20,"qc"
9,17,22,27,38,20,"qc"
12,17,21,26,39,20,"qc"
7,13,18,23,34,20,"qc"
7,12,17,22,31,20,"qc"
6,9,15,21,28,20,"qc"
13,19,22,27,36,20,"qc"
9,19,25,29,38,20,"qc"
8,15,19,24,33,20,"qc"
7,12,16,20,28,20,"qc"
7,13,14,22,33,20,"qc"
7,12,17,22,29,20,"qc"
6,12,17,22,31,20,"qc"
8,14,18,24,33,20,"qc"
7,12,17,23,31,20,"qc"
6,11,16,21,30,20,"qc"
6,11,16,21,32,20,"qc"
7,14,18,24,34,20,"qc"
8,14,19,24,35,20,"qc"
7,14,15,25,37,20,"qc"
9,15,19,24,32,20,"qc"
7,12,18,20,34,20,"qc"
8,13,18,23,33,20,"qc"
8,14,18,23,31,20,"qc"
7,13,17,22,32,20,"qc"
11,15,21,29,37,20,"qc"
7,12,17,22,33,20,"qc"
8,13,17,21,29,20,"qc"
8,14,18,20,30,20,"qc"
8,13,18,23,34,20,"qc"
7,12,16,21,30,20,"qc"
8,13,17,22,30,20,"qc"
7,13,18,23,33,20,"qc"
7,13,18,23,32,20,"qc"
5,10,15,19,29,20,"qc"
6,11,16,22,30,20,"qc"
8,13,18,24,33,20,"qc"
6,11,15,21,28,20,"qc"
8,14,19,25,37,20,"qc"
7,11,16,21,30,20,"qc"
10,13,18,23,33,20,"qc"
7,12,17,22,33,20,"qc"
6,9,15,19,27,20,"qc"
8,13,18,23,35,20,"qc"
5,10,15,21,28,20,"qc"
7,12,16,21,31,20,"qc"
10,15,19,24,34,20,"qc"
7,12,17,22,32,20,"qc"
6,11,15,20,28,20,"qc"
7,13,17,22,32,20,"qc"
7,11,16,21,29,20,"qc"
8,13,18,24,32,20,"qc"
7,13,18,23,31,20,"qc"
7,13,18,27,35,20,"qc"
7,13,18,23,31,20,"qc"
7,12,16,21,31,20,"qc"
8,13,17,23,32,20,"qc"
7,12,17,22,34,20,"qc"
8,14,19,25,33,20,"qc"
7,12,16,21,30,20,"qc"
13,22,30,35,43,20,"qc"
6,11,16,21,31,20,"qc"
6,9,15,19,27,20,"qc"
7,12,16,21,29,20,"qc"
7,13,17,23,35,20,"qc"
7,11,15,20,28,20,"qc"
8,12,17,22,32,20,"qc"
7,11,16,20,30,20,"qc"
9,13,18,23,32,20,"qc"
7,13,18,22,30,20,"qc"
7,12,16,20,28,20,"qc"
7,13,18,23,30,20,"qc"
9,13,18,23,32,20,"qc"
7,11,16,22,31,20,"qc"
6,11,17,22,33,20,"qc"
6,11,15,20,30,20,"qc"
9,14,18,23,32,20,"qc"
9,13,18,21,29,20,"qc"
6,11,16,21,32,20,"qc"
8,13,18,23,35,20,"qc"
12,17,21,26,34,20,"qc"
10,15,19,24,33,20,"qc"
7,13,17,22,33,20,"qc"
6,10,14,19,27,20,"qc"
6,12,17,21,37,20,"qc"
7,13,18,23,32,20,"qc"
7,11,16,22,29,20,"qc"
8,15,19,25,36,20,"qc"
7,13,17,22,31,20,"qc"
7,13,18,22,30,20,"qc"
11,14,18,24,38,20,"qc"
6,14,19,26,38,20,"qc"
11,14,19,24,32,20,"qc"
8,13,18,23,31,20,"qc"
8,15,20,25,33,20,"qc"
7,13,18,23,32,20,"qc"
8,13,18,23,34,20,"qc"
9,12,18,23,32,20,"qc"
11,19,21,27,36,20,"qc"
9,14,18,23,34,20,"qc"
7,12,17,23,33,20,"qc"
7,13,17,22,32,20,"qc"
8,14,18,24,32,20,"qc"
6,12,17,23,36,20,"qc"
7,13,18,23,32,20,"qc"
7,13,14,22,31,20,"qc"
8,14,18,24,34,20,"qc"
9,14,19,24,33,20,"qc"
6,12,16,21,29,20,"qc"
11,17,21,26,35,20,"qc"
7,13,18,22,31,20,"qc"
7,14,18,24,33,20,"qc"
7,12,17,22,33,20,"qc"
7,12,17,22,30,20,"qc"
7,13,18,23,31,20,"qc"
7,13,16,21,31,20,"qc"
9,13,18,22,32,20,"qc"
7,13,18,25,33,20,"qc"
7,12,21,25,36,20,"qc"
4,6,8,11,16,25,"qc"
4,7,9,15,22,25,"qc"
5,7,10,15,20,25,"qc"
9,11,14,17,23,25,"qc"
4,7,10,13,18,25,"qc"
5,8,11,15,21,25,"qc"
4,8,11,13,18,25,"qc"
5,8,11,15,20,25,"qc"
5,10,13,16,21,25,"qc"
4,6,9,12,18,25,"qc"
4,7,9,12,16,25,"qc"
5,8,11,13,19,25,"qc"
5,10,13,20,27,25,"qc"
4,7,9,12,18,25,"qc"
4,8,10,13,19,25,"qc"
3,6,8,11,15,25,"qc"
4,7,9,12,16,25,"qc"
5,8,10,13,18,25,"qc"
5,8,11,15,19,25,"qc"
4,6,9,13,20,25,"qc"
4,7,11,14,18,25,"qc"
4,7,10,13,18,25,"qc"
5,8,12,15,20,25,"qc"
5,7,10,13,18,25,"qc"
5,7,10,13,18,25,"qc"
5,9,12,16,20,25,"qc"
4,7,10,13,18,25,"qc"
5,8,10,13,20,25,"qc"
4,7,9,13,19,25,"qc"
6,8,11,14,19,25,"qc"
5,8,10,12,18,25,"qc"
8,10,13,20,27,25,"qc"
5,7,10,13,19,25,"qc"
5,7,10,13,18,25,"qc"
5,8,12,15,19,25,"qc"
6,8,11,14,22,25,"qc"
4,7,10,13,18,25,"qc"
5,8,11,14,19,25,"qc"
4,7,10,13,20,25,"qc"
4,6,9,11,16,25,"qc"
5,8,11,15,21,25,"qc"
4,7,10,13,18,25,"qc"
5,8,11,14,19,25,"qc"
5,7,10,14,18,25,"qc"
4,8,10,14,18,25,"qc"
4,7,10,13,18,25,"qc"
4,8,10,13,19,25,"qc"
4,9,14,18,22,25,"qc"
5,8,13,14,21,25,"qc"
5,7,9,13,16,25,"qc"
6,9,13,16,22,25,"qc"
4,7,11,13,20,25,"qc"
3,6,9,12,18,25,"qc"
4,6,8,11,18,25,"qc"
4,7,10,12,18,25,"qc"
5,8,10,13,20,25,"qc"
4,7,10,13,19,25,"qc"
4,8,10,15,21,25,"qc"
5,9,12,15,21,25,"qc"
5,7,10,13,18,25,"qc"
5,7,10,13,18,25,"qc"
3,6,10,13,19,25,"qc"
3,6,8,11,15,25,"qc"
5,8,11,14,18,25,"qc"
3,6,8,10,16,25,"qc"
6,9,12,15,20,25,"qc"
5,9,12,15,21,25,"qc"
4,7,10,13,18,25,"qc"
5,8,11,14,18,25,"qc"
4,7,10,13,20,25,"qc"
4,7,10,13,18,25,"qc"
5,9,12,15,21,25,"qc"
5,8,11,14,21,25,"qc"
5,8,11,14,19,25,"qc"
4,6,9,12,18,25,"qc"
4,6,10,14,18,25,"qc"
5,8,12,15,20,25,"qc"
4,7,10,13,19,25,"qc"
5,9,15,18,23,25,"qc"
5,8,10,13,20,25,"qc"
5,7,10,13,18,25,"qc"
5,8,12,15,20,25,"qc"
4,7,10,13,21,25,"qc"
5,8,10,14,19,25,"qc"
3,6,8,11,16,25,"qc"
5,7,10,13,18,25,"qc"
4,8,11,13,18,25,"qc"
4,8,11,14,20,25,"qc"
4,7,10,14,18,25,"qc"
5,8,14,17,22,25,"qc"
4,6,8,11,18,25,"qc"
4,6,9,13,18,25,"qc"
3,6,8,11,18,25,"qc"
4,6,8,11,15,25,"qc"
6,8,12,15,19,25,"qc"
5,8,11,15,21,25,"qc"
5,9,13,18,22,25,"qc"
4,7,10,13,18,25,"qc"
4,7,10,14,22,25,"qc"
4,8,9,12,18,25,"qc"
5,8,10,13,18,25,"qc"
4,7,9,12,19,25,"qc"
4,7,10,13,19,25,"qc"
5,7,14,18,23,25,"qc"
5,8,11,14,21,25,"qc"
4,6,9,11,21,25,"qc"
5,8,12,17,27,25,"qc"
4,7,10,13,18,25,"qc"
3,6,8,12,16,25,"qc"
5,8,11,15,19,25,"qc"
4,7,10,16,22,25,"qc"
5,7,11,15,21,25,"qc"
5,8,11,14,20,25,"qc"
4,7,10,13,18,25,"qc"
5,8,11,14,21,25,"qc"
5,8,11,15,21,25,"qc"
5,7,10,13,19,25,"qc"
4,7,10,13,21,25,"qc"
4,7,10,13,19,25,"qc"
4,7,9,12,18,25,"qc"
5,7,11,14,20,25,"qc"
5,7,10,13,18,25,"qc"
5,7,10,13,18,25,"qc"
4,7,10,13,23,25,"qc"
6,9,13,16,21,25,"qc"
9,16,20,22,30,30,"qc"
9,14,20,25,34,30,"qc"
9,15,20,24,32,30,"qc"
7,14,20,23,46,30,"qc"
9,14,20,23,30,30,"qc"
7,13,17,19,28,30,"qc"
9,14,18,28,34,30,"qc"
10,17,23,26,36,30,"qc"
9,14,20,22,28,30,"qc"
9,16,25,30,41,30,"qc"
9,14,18,20,26,30,"qc"
7,13,18,23,34,30,"qc"
7,13,17,20,30,30,"qc"
7,13,17,19,27,30,"qc"
9,16,21,23,34,30,"qc"
7,13,17,20,25,30,"qc"
8,15,21,23,32,30,"qc"
7,14,18,20,39,30,"qc"
7,14,20,23,33,30,"qc"
10,17,23,26,36,30,"qc"
7,13,22,25,31,30,"qc"
7,12,16,18,24,30,"qc"
8,14,19,21,31,30,"qc"
7,13,18,22,28,30,"qc"
7,13,18,22,26,30,"qc"
9,15,19,22,33,30,"qc"
7,13,18,22,30,30,"qc"
8,15,21,24,78,30,"qc"
7,13,17,20,30,30,"qc"
8,15,24,29,52,30,"qc"
7,14,18,23,33,30,"qc"
8,14,19,23,30,30,"qc"
7,14,20,25,40,30,"qc"
7,14,20,22,41,30,"qc"
7,15,24,28,37,30,"qc"
7,13,18,22,35,30,"qc"
8,15,19,25,46,30,"qc"
9,16,25,32,41,30,"qc"
7,13,18,22,31,30,"qc"
8,14,18,21,34,30,"qc"
6,11,17,20,31,30,"qc"
7,14,20,23,44,30,"qc"
7,14,18,22,41,30,"qc"
8,15,21,26,37,30,"qc"
8,15,19,23,42,30,"qc"
7,12,16,19,29,30,"qc"
7,14,22,24,36,30,"qc"
9,15,22,25,65,30,"qc"
8,13,20,24,33,30,"qc"
9,15,20,24,30,30,"qc"
7,12,18,21,32,30,"qc"
10,16,17,24,32,30,"qc"
7,14,19,23,31,30,"qc"
10,15,21,24,34,30,"qc"
8,15,18,21,34,30,"qc"
9,16,19,24,39,30,"qc"
8,14,19,21,40,30,"qc"
8,15,22,27,48,30,"qc"
6,13,17,22,28,30,"qc"
8,15,21,27,39,30,"qc"
8,14,18,21,32,30,"qc"
10,15,17,22,28,30,"qc"
7,12,15,18,28,30,"qc"
8,15,21,24,35,30,"qc"
8,14,19,21,29,30,"qc"
7,11,17,19,25,30,"qc"
8,15,21,24,39,30,"qc"
8,15,19,23,30,30,"qc"
7,12,19,23,34,30,"qc"
7,12,18,21,29,30,"qc"
7,12,18,20,28,30,"qc"
8,14,18,21,42,30,"qc"
7,12,19,23,34,30,"qc"
6,11,15,19,26,30,"qc"
7,11,16,18,28,30,"qc"
7,11,16,18,28,30,"qc"
7,12,18,21,27,30,"qc"
8,15,21,30,39,30,"qc"
7,12,18,20,38,30,"qc"
8,14,19,23,34,30,"qc"
7,14,18,24,35,30,"qc"
8,12,16,20,31,30,"qc"
8,12,18,20,27,30,"qc"
7,11,16,18,28,30,"qc"
8,12,18,20,29,30,"qc"
9,13,19,22,32,30,"qc"
8,14,21,24,41,30,"qc"
8,15,22,26,43,30,"qc"
8,12,18,21,36,30,"qc"
7,14,16,20,31,30,"qc"
7,12,18,21,26,30,"qc"
5,9,13,15,20,30,"qc"
7,12,16,20,26,30,"qc"
7,14,19,21,31,30,"qc"
9,16,22,25,36,30,"qc"
7,12,16,20,29,30,"qc"
7,12,16,20,28,30,"qc"
8,12,18,21,29,30,"qc"
9,16,21,26,36,30,"qc"
7,12,16,20,26,30,"qc"
7,14,21,24,35,30,"qc"
7,12,18,21,31,30,"qc"
10,14,19,23,32,30,"qc"
7,12,16,18,26,30,"qc"
8,16,20,23,36,30,"qc"
10,14,19,23,38,30,"qc"
7,14,19,21,32,30,"qc"
7,14,19,23,44,30,"qc"
7,14,18,20,29,30,"qc"
7,12,16,20,31,30,"qc"
7,14,18,21,34,30,"qc"
8,14,18,21,36,30,"qc"
5,11,15,18,28,30,"qc"
8,12,18,20,27,30,"qc"
7,14,18,20,29,30,"qc"
7,11,15,17,25,30,"qc"
7,14,16,18,26,30,"qc"
7,11,15,17,23,30,"qc"
7,12,16,20,28,30,"qc"
7,11,15,18,24,30,"qc"
7,12,16,18,23,30,"qc"
5,9,15,18,28,30,"qc"
7,11,15,18,26,30,"qc"
7,11,13,15,21,30,"qc"
7,9,15,17,25,30,"qc"
9,16,18,22,30,30,"qc"
7,12,18,21,32,30,"qc"
8,14,16,21,30,30,"qc"
7,12,16,20,28,30,"qc"
7,11,15,18,24,30,"qc"
7,14,21,25,32,30,"qc"
7,14,18,21,27,30,"qc"
7,12,18,21,27,30,"qc"
7,12,18,21,27,30,"qc"
7,12,18,21,27,30,"qc"
7,14,20,25,58,30,"qc"
9,15,21,24,45,30,"qc"
7,13,15,19,28,30,"qc"
7,12,18,21,31,30,"qc"
5,11,16,20,31,30,"qc"
7,12,18,21,31,30,"qc"
9,13,18,22,31,30,"qc"
9,14,21,25,42,30,"qc"
7,12,19,23,32,30,"qc"
8,14,20,23,33,30,"qc"
7,13,19,21,28,30,"qc"
7,12,18,20,31,30,"qc"
8,14,18,22,55,30,"qc"
7,12,18,21,34,30,"qc"
8,11,15,17,23,30,"qc"
8,14,17,20,28,30,"qc"
8,12,16,20,26,30,"qc"
8,12,17,21,25,30,"qc"
9,12,15,17,26,30,"qc"
8,11,15,17,21,30,"qc"
7,12,18,21,29,30,"qc"
7,12,16,20,26,30,"qc"
7,12,16,20,29,30,"qc"
7,13,17,19,30,30,"qc"
7,13,19,21,30,30,"qc"
8,13,17,19,32,30,"qc"
7,12,18,21,29,30,"qc"
7,13,15,19,23,30,"qc"
8,14,18,21,32,30,"qc"
7,12,18,20,31,30,"qc"
7,12,17,21,27,30,"qc"
8,13,20,22,39,30,"qc"
7,12,17,21,30,30,"qc"
7,12,17,22,31,30,"qc"
5,10,14,16,22,30,"qc"
7,10,14,16,24,30,"qc"
7,10,14,18,27,30,"qc"
10,15,22,27,46,30,"qc"
7,12,16,19,28,30,"qc"
10,13,19,22,35,30,"qc"
9,14,19,23,34,30,"qc"
7,12,15,19,31,30,"qc"
8,13,18,24,35,30,"qc"
7,12,15,19,25,30,"qc"
8,13,16,20,26,30,"qc"
7,13,15,17,25,30,"qc"
7,13,20,25,42,30,"qc"
7,12,15,19,26,30,"qc"
9,14,16,19,25,30,"qc"
9,16,21,23,32,30,"qc"
5,9,13,15,24,30,"qc"
5,12,15,20,33,30,"qc"
9,11,17,19,28,30,"qc"
8,11,17,20,29,30,"qc"
8,13,19,22,30,30,"qc"
7,10,16,18,27,30,"qc"
8,14,17,21,32,30,"qc"
7,12,17,21,30,30,"qc"
7,12,17,22,33,30,"qc"
8,13,16,20,27,30,"qc"
8,14,19,24,39,30,"qc"
7,16,23,31,61,35,"qc"
7,14,19,27,39,35,"qc"
9,18,25,33,62,35,"qc"
7,14,21,35,61,35,"qc"
12,21,32,40,51,35,"qc"
9,18,23,37,90,35,"qc"
10,19,24,32,50,35,"qc"
7,14,18,32,56,35,"qc"
7,14,23,31,43,35,"qc"
7,14,21,35,54,35,"qc"
9,18,22,36,47,35,"qc"
7,14,23,31,84,35,"qc"
10,17,26,34,55,35,"qc"
7,14,21,29,82,35,"qc"
9,18,22,36,89,35,"qc"
9,18,25,33,44,35,"qc"
9,20,29,43,64,35,"qc"
9,16,23,37,55,35,"qc"
10,19,30,44,74,35,"qc"
10,19,26,34,94,35,"qc"
9,16,23,31,52,35,"qc"
9,18,25,33,54,35,"qc"
10,19,28,42,61,35,"qc"
9,16,25,39,57,35,"qc"
7,17,24,32,43,35,"qc"
9,17,24,29,40,35,"qc"
10,19,28,32,43,35,"qc"
9,15,19,23,41,35,"qc"
7,13,17,25,43,35,"qc"
12,21,28,42,63,35,"qc"
7,12,19,33,51,35,"qc"
9,14,18,32,53,35,"qc"
7,16,23,40,99,35,"qc"
10,19,28,42,72,35,"qc"
9,18,22,36,89,35,"qc"
9,18,27,35,56,35,"qc"
9,18,22,36,57,35,"qc"
7,16,20,26,45,35,"qc"
9,18,25,39,98,35,"qc"
9,18,22,28,46,35,"qc"
11,16,29,37,55,35,"qc"
9,17,26,34,55,35,"qc"
7,13,20,28,46,35,"qc"
10,15,21,35,88,35,"qc"
7,13,22,36,65,35,"qc"
9,18,22,36,45,35,"qc"
10,16,21,29,40,35,"qc"
10,19,23,29,40,35,"qc"
10,19,25,33,51,35,"qc"
9,18,29,37,55,35,"qc"
9,14,19,36,89,35,"qc"
11,20,29,43,61,35,"qc"
9,14,25,39,99,35,"qc"
10,19,28,36,55,35,"qc"
12,20,29,35,94,35,"qc"
9,14,20,34,87,35,"qc"
9,16,25,31,60,35,"qc"
10,17,23,37,55,35,"qc"
10,19,23,37,66,35,"qc"
7,13,22,36,50,35,"qc"
11,18,27,41,71,35,"qc"
11,26,32,46,60,35,"qc"
9,14,23,31,45,35,"qc"
7,14,23,31,38,35,"qc"
9,16,20,26,85,35,"qc"
9,16,20,34,63,35,"qc"
10,17,21,27,46,35,"qc"
10,19,24,30,41,35,"qc"
11,18,29,43,96,35,"qc"
10,16,21,27,38,35,"qc"
9,14,23,31,61,35,"qc"
7,14,18,26,79,35,"qc"
9,16,21,27,36,35,"qc"
10,19,28,36,83,35,"qc"
9,14,20,26,40,35,"qc"
9,16,20,34,45,35,"qc"
9,17,21,35,54,35,"qc"
10,17,23,31,42,35,"qc"
10,15,26,34,53,35,"qc"
7,14,20,28,39,35,"qc"
9,14,20,34,52,35,"qc"
9,13,19,27,41,35,"qc"
9,16,25,39,57,35,"qc"
7,14,20,34,93,35,"qc"
10,14,20,26,85,35,"qc"
7,14,18,32,50,35,"qc"
10,18,29,46,105,35,"qc"
9,16,20,32,91,35,"qc"
10,17,23,31,45,35,"qc"
9,14,20,30,51,35,"qc"
10,16,25,35,56,35,"qc"
7,19,24,41,50,35,"qc"
9,17,22,32,50,35,"qc"
9,14,18,24,43,35,"qc"
7,12,16,33,44,35,"qc"
10,17,23,33,44,35,"qc"
9,14,23,29,88,35,"qc"
9,15,20,28,63,35,"qc"
7,11,15,23,37,35,"qc"
7,12,18,34,67,35,"qc"
9,16,21,34,55,35,"qc"
10,17,26,36,66,35,"qc"
9,16,21,29,50,35,"qc"
10,17,26,36,69,35,"qc"
13,20,29,34,45,35,"qc"
9,16,27,39,98,35,"qc"
9,15,19,29,59,35,"qc"
9,16,25,35,56,35,"qc"
13,20,29,39,50,35,"qc"
7,14,19,29,43,35,"qc"
9,15,20,30,60,35,"qc"
9,16,25,33,63,35,"qc"
9,15,19,29,58,35,"qc"
9,15,20,30,51,35,"qc"
9,16,21,29,50,35,"qc"
10,17,24,34,45,35,"qc"
79,150,233,321,551,5,"qc"
59,118,201,289,552,5,"qc"
89,148,252,426,722,5,"qc"
89,160,243,331,594,5,"qc"
59,130,213,301,663,5,"qc"
89,144,248,336,665,5,"qc"
89,120,224,312,608,5,"qc"
59,90,194,282,577,5,"qc"
89,133,216,390,719,5,"qc"
89,120,173,261,557,5,"qc"
89,126,179,285,548,5,"qc"
50,80,184,290,553,5,"qc"
59,96,146,252,386,5,"qc"
79,110,214,423,752,5,"qc"
58,95,148,236,370,5,"qc"
79,123,177,386,682,5,"qc"
79,110,214,302,487,5,"qc"
54,90,154,242,505,5,"qc"
79,110,174,244,515,5,"qc"
79,110,163,269,532,5,"qc"
79,110,163,269,454,5,"qc"
